Date,Scheme Name,Store Name,Item Name,Member Account Code,Invoice,Sales Qty,Sales Amt
5/12/2021,PLATINUM,TIFFANY - TTP,SS RED RTTMN2HRTPDT1618IN-63520594,60080458,000000P105000000002,1,5416000.00
5/12/2021,PLATINUM,TIFFANY - TTP,18R DI XMN HRT PDT-61101195,60082960,000000P105000000003,1,38813000.00
5/12/2021,PLATINUM,TIFFANY - TTP,SS MN RTT HRT4MM BD BLTSM-27631886,60082960,000000P105000000003,1,6229000.00
5/12/2021,PLATINUM,TIFFANY - TTP,18R DI LVGHRT WIRE BLT SM-60963673,27001049,000000P105000000004,1,46937000.00
5/12/2021,MEMBER,TIFFANY - TTP,18R T TRUE NRW RG 5 5-63065226,60083471,000000P105000000005,1,28884000.00
5/12/2021,MEMBER,TIFFANY - TTP,18R T TRUE NRW RG 7-63065285,60083471,000000P105000000005,1,28884000.00
5/12/2021,PLATINUM,TIFFANY - TTP,18W DI T WIRE BLT MD-33263473,60073222,000000P105000000006,1,114633000.00
5/13/2021,MEMBER,TIFFANY - TTP,SS BL MNRTTHRT 4MMBDBLTMD-26659604,60084724,000000P105000000008,1,6229000.00
5/13/2021,MEMBER,TIFFANY - TTP,SS PK MNRTTHRT4MMBDBLTMD-30978811,60084724,000000P105000000008,1,6229000.00
5/16/2021,GOLD,TIFFANY - TTP,SS PK MNRT HRT 4MMBDBLTSM-30978838,MA002707,000000P105000000010,1,6229000.00
5/16/2021,MEMBER,TIFFANY - TTP,SS RD RTTMNHRT 4MMBDBLTMD-61941797,60084728,000000P105000000011,1,6229000.00
5/16/2021,GOLD,TIFFANY - TTP,SS PK MNRT HRT 4MMBDBLTSM-30978838,MA002707,000000P105000000012,-1,-6229000.00
5/16/2021,MEMBER,TIFFANY - TTP,SS RD RTTMNHRT 4MMBDBLTMD-61941797,60084728,000000P105000000014,-1,-6229000.00
5/14/2021,MEMBER,TIFFANY - TTP,SS BL MNRTTHRT 4MMBDBLTMD-26659604,60084727,000000P105000000016,1,6229000.00
5/14/2021,PLATINUM,TIFFANY - TTP,18R DI T WIRE RG 6 5-35007857,27001451,000000P105000000017,1,56865000.00
5/14/2021,PLATINUM,TIFFANY - TTP,18RDI SMRD PRCD ATL PDT16-30480554,27001451,000000P105000000017,1,27982000.00
5/14/2021,MEMBER,TIFFANY - TTP,18W DI TURQ T WIRE RG 5-64028103,60084728,000000P105000000018,1,63184000.00
5/15/2021,GOLD,TIFFANY - TTP,SS PK MNRT HRT 4MMBDBLTSM-30978838,MA002707,000000P105000000019,1,6229000.00
5/15/2021,MEMBER,TIFFANY - TTP,SS RD RTTMNHRT 4MMBDBLTMD-61941797,60084728,000000P105000000020,1,6229000.00
5/16/2021,PLATINUM,TIFFANY - TTP,18R T TWO CHN DBL BLT SM-62355417,60080904,000000P105000000021,1,26176000.00
5/16/2021,PLATINUM,TIFFANY - TTP,18R LG DI DAISY KEY-26887623,60074161,000000P105000000022,1,86652000.00
5/16/2021,PLATINUM,TIFFANY - TTP,18R PENDANT CHAIN 16IN-25508327,60074161,000000P105000000022,1,8666000.00
5/16/2021,PLATINUM,TIFFANY - TTP,CLRBLK PIGGYBANK ERTHNWRE-60559961,60074161,000000P105000000022,1,5958000.00
5/16/2021,MEMBER,TIFFANY - TTP,SS MN RTT HRT4MM BD BLTSM-27631886,60084725,000000P105000000023,1,6229000.00
5/16/2021,MEMBER,TIFFANY - TTP,SS MD PDT CHAIN 18IN-33484038,60084726,000000P105000000024,1,2618000.00
5/17/2021,PLATINUM,TIFFANY - TTP,18WDI T SMILE MN PDT1618-62617802,60089588,000000P105000000025,1,40618000.00
5/17/2021,PLATINUM,TIFFANY - TTP,18R HLFDI T1 NRWRG6 5-67795377,60073961,000000P105000000026,1,48742000.00
5/17/2021,MEMBER,TIFFANY - TTP,18R DI TCO 3MM RG 6-27897908,60084729,000000P105000000027,1,35203000.00
5/17/2021,MEMBER,TIFFANY - TTP,18R TCO 3MM RG 7-33026617,60084729,000000P105000000027,1,27982000.00
5/18/2021,MEMBER,TIFFANY - TTP,SS BL MN RTT 2HRT PDT 18-30210417,23000843,000000P105000000029,1,5416000.00
5/18/2021,PLATINUM,TIFFANY - TTP,18R DI SM HEART KEY-62859954,05002597,000000P105000000030,1,76723000.00
5/18/2021,PLATINUM,TIFFANY - TTP,18R PENDANT CHAIN 16IN-25508327,05002597,000000P105000000030,1,8666000.00
5/18/2021,PLATINUM,TIFFANY - TTP,SS HW MD 19MM WRAP NL36IN-62611928,05002597,000000P105000000030,1,80333000.00
5/18/2021,PLATINUM,TIFFANY - TTP,TTN BLK 1837 NRW RG 7 5-25923677,05002597,000000P105000000030,1,7402000.00
5/18/2021,PLATINUM,TIFFANY - TTP,TTN BLK 1837 NRW RG 7-25923669,05002597,000000P105000000030,1,7402000.00
5/18/2021,PLATINUM,TIFFANY - TTP,SS 1837 NRW BASC RG 5 5-22993763,99000488,000000P105000000031,1,6229000.00
5/19/2021,MEMBER,TIFFANY - TTP,SS 1837 NRRW CUFF MD-22992422,60084730,000000P105000000032,1,11554000.00
5/19/2021,MEMBER,TIFFANY - TTP,SS 1837 INTLK SM PDT 16IN-22992139,60084731,000000P105000000033,1,11464000.00
5/19/2021,MEMBER,TIFFANY - TTP,SS HPKMNRTTHRT4MMBDBLTXS-63686115,60084731,000000P105000000033,1,6229000.00
5/20/2021,MEMBER,TIFFANY - TTP,SS RED RTTMN2HRTPDT1618IN-63520594,60084732,000000P105000000034,1,5416000.00
5/20/2021,MEMBER,TIFFANY - TTP,18RSSRTTLADYBUGPDTADJ1618-67070526,60084734,000000P105000000037,1,37008000.00
5/22/2021,MEMBER,TIFFANY - TTP,18R T SMILE PDT LG 1618IN-33637152,60084737,000000P105000000038,1,36105000.00
5/22/2021,MEMBER,TIFFANY - TTP,18R DI MOP T WIRE RG 6-64027921,60084738,000000P105000000039,1,56865000.00
5/22/2021,MEMBER,TIFFANY - TTP,18R T SMILE SM BLT MD-36667281,60084736,000000P105000000040,1,26176000.00
5/22/2021,PLATINUM,TIFFANY - TTP,18R MOP T TWO CL ER-66886042,22000031,000000P105000000041,1,55060000.00
5/22/2021,PLATINUM,TIFFANY - TTP,18R T1 NRW HNG BGL MD-67794346,22000031,000000P105000000041,1,103801000.00
5/22/2021,MEMBER,TIFFANY - TTP,SS PINK MN RTT 2HRT PDT16-28751249,60084740,000000P105000000042,1,5416000.00
5/22/2021,PLATINUM,TIFFANY - TTP,18R DI 13 CROWN KEY-25460979,20002141,000000P105000000043,1,83041000.00
5/22/2021,PLATINUM,TIFFANY - TTP,18R PENDANT CHAIN 18IN-25508335,20002141,000000P105000000043,1,8666000.00
5/22/2021,PLATINUM,TIFFANY - TTP,18RDI RD MN SGLRW SLST ER-60987491,20002141,000000P105000000043,1,67697000.00
5/22/2021,MEMBER,TIFFANY - TTP,18R DI TCO 3MM RG 6-27897908,60084741,000000P105000000044,1,35203000.00
5/22/2021,MEMBER,TIFFANY - TTP,18R TCO 4MM RG 9-35249907,60084741,000000P105000000044,1,34300000.00
5/22/2021,PLATINUM,TIFFANY - TTP,18W DI MD ATLPRCDRG 7-35102272,60084742,000000P105000000045,1,43326000.00
5/22/2021,PLATINUM,TIFFANY - TTP,18W DI MD ATLPRCDRG 8-35102256,60084742,000000P105000000045,1,43326000.00
5/22/2021,MEMBER,TIFFANY - TTP,SS RTT HRT TAG BLT 7 5IN-18967529,60084743,000000P105000000046,1,12366000.00
5/23/2021,PLATINUM,TIFFANY - TTP,18Y GRAFFITI X MN ER-60962316,09000030,000000P105000000047,1,13630000.00
5/23/2021,PLATINUM,TIFFANY - TTP,18R T SMILE ER-36667249,22000398,000000P105000000048,1,22566000.00
5/23/2021,PLATINUM,TIFFANY - TTP,18R T SMILE PDT LG 1618IN-33637152,22000398,000000P105000000048,1,36105000.00
5/23/2021,PLATINUM,TIFFANY - TTP,18R SM 1837INTLK PDT16IN-35672087,22000031,000000P105000000049,1,48742000.00
5/23/2021,MEMBER,TIFFANY - TTP,MD SQ JWLRY CASE LEA TFBL-60883300,60084744,000000P105000000050,1,8124000.00
5/23/2021,MEMBER,TIFFANY - TTP,18R SM LVG HEART PDT16IN-34614598,60084747,000000P105000000051,1,24371000.00
5/23/2021,MEMBER,TIFFANY - TTP,18Y SM LVG HEART PDT16IN-34595828,60084747,000000P105000000052,1,24371000.00
5/23/2021,MEMBER,TIFFANY - TTP,SS 1837 INTLK SM PDT 16IN-22992139,60084746,000000P105000000053,1,11464000.00
5/23/2021,PLATINUM,TIFFANY - TTP,18R HW BALL 10MM HOOK ER-38172816,24001530,000000P105000000054,1,34300000.00
5/23/2021,PLATINUM,TIFFANY - TTP,18R HWBALL12 75MMPDT18 20-38096818,24001530,000000P105000000054,1,55060000.00
5/23/2021,PLATINUM,TIFFANY - TTP,18RDIACNT MDFLEURDELISKEY-60764379,24001530,000000P105000000054,1,48742000.00
5/23/2021,TEMP,TIFFANY - TTP,SS 1837 INTLK SM PDT 18IN-30319575,PV000303,000000P105000000055,1,11464000.00
5/24/2021,PLATINUM,TIFFANY - TTP,18R DI T SMILE LG PDT1618-63104981,60067686,000000P105000000056,1,126367000.00
5/24/2021,PLATINUM,TIFFANY - TTP,18R T WIRE BAR ER-62271884,60067686,000000P105000000056,1,31592000.00
5/24/2021,PLATINUM,TIFFANY - TTP,18R MN LVG HEART PDT16IN-34614555,60084745,000000P105000000057,1,19858000.00
5/25/2021,PLATINUM,TIFFANY - TTP,18R HW MEDIUM LINK BLT SM-39991586,39000072,000000P105000000058,1,109217000.00
5/25/2021,PLATINUM,TIFFANY - TTP,ST BLK T SQR BLT LG-36618159,39000072,000000P105000000058,1,43326000.00
5/26/2021,BOD,TIFFANY - TTP,18R T SMILE SM BLT SM-36819553,99001191,000000P105000000059,1,26176000.00
5/26/2021,BOD,TIFFANY - TTP,18R T SMILE XLPDT1618-67513436,99001191,000000P105000000059,1,68599000.00
5/27/2021,PLATINUM,TIFFANY - TTP,PT CU DI 1 12 G VVS1-68800889,60084749,000000P105000000060,1,617390000.00
5/27/2021,PLATINUM,TIFFANY - TTP,18R PENDANT CHAIN 18IN-25508335,13000241,000000P105000000061,1,8666000.00
5/27/2021,PLATINUM,TIFFANY - TTP,18RDI MD ORNFLEURDLISKEY-60660069,13000241,000000P105000000061,1,145322000.00
5/27/2021,PLATINUM,TIFFANY - TTP,18R HLFDI T1 NRWRG6-67795350,09001886,000000P105000000062,1,48742000.00
5/27/2021,PLATINUM,TIFFANY - TTP,18RHLFDIT1NRWHNGBGLMD-68315786,09001886,000000P105000000063,1,285227000.00
5/27/2021,PLATINUM,TIFFANY - TTP,18RDI MOP TTWOSMCLPDT1618-67467582,09001886,000000P105000000064,1,64989000.00
5/28/2021,PLATINUM,TIFFANY - TTP,PT DI XMN HRT ER-61101268,13000482,000000P105000000066,1,64989000.00
5/28/2021,PLATINUM,TIFFANY - TTP,PT18Y CUDI 69FI-63729191,05000604,000000P105000000067,1,328553000.00
5/28/2021,PLATINUM,TIFFANY - TTP,18R MN HEART KEY-24464733,60084750,000000P105000000068,1,19858000.00
5/28/2021,PLATINUM,TIFFANY - TTP,18R PENDANT CHAIN 18IN-25508335,60084750,000000P105000000068,1,8666000.00
5/28/2021,PLATINUM,TIFFANY - TTP,SS OLVLF NRW CUFF MD-31862949,60084750,000000P105000000068,1,24371000.00
5/29/2021,MEMBER,TIFFANY - TTP,18W T SMILE SM PDT16 18-35189424,60081983,000000P105000000069,1,26176000.00
5/29/2021,PLATINUM,TIFFANY - TTP,18R ONYX T WIRE BLT SM-64028669,60079623,000000P105000000070,1,60476000.00
5/29/2021,PLATINUM,TIFFANY - TTP,18R ONYX T WIRE RG 4 5-64027425,60079623,000000P105000000070,1,46034000.00
5/29/2021,PLATINUM,TIFFANY - TTP,18RDIONYX T TWO CLPDT1618-64026992,60079623,000000P105000000070,1,79431000.00
5/30/2021,MEMBER,TIFFANY - TTP,SS EXEC TCLIP TB BRS BPEN-37361399,60084752,000000P105000000071,1,6680000.00
5/30/2021,MEMBER,TIFFANY - TTP,TFTRAVEL LTH PSPT CVR BLK-62205245,60084753,000000P105000000072,1,7402000.00
5/30/2021,MEMBER,TIFFANY - TTP,TFTRAVL LTH PSPT CVR TFBL-62271531,60084753,000000P105000000072,1,7402000.00
5/30/2021,MEMBER,TIFFANY - TTP,SS PK MNRT HRT 4MMBDBLTSM-30978838,60084754,000000P105000000073,1,6229000.00
5/30/2021,MEMBER,TIFFANY - TTP,18R DI BG T SQR PDT 16 18-62996021,20000751,000000P105000000074,1,55060000.00
6/1/2021,NEW,TIFFANY - TTP,18Y DI OPEN RD MN KEY-62230126,60084755,000000P105000000075,1,37008000.00
6/1/2021,NEW,TIFFANY - TTP,18Y PENDANT CHAIN 16IN-21921394,60084755,000000P105000000075,1,8666000.00
6/2/2021,PLATINUM,TIFFANY - TTP,18R DI MOP T WIRE BLT SM-64028596,60081814,000000P105000000076,1,92067000.00
6/5/2021,MEMBER,TIFFANY - TTP,18W DI SM ATL PRCD KEY-35252975,60084756,000000P105000000077,1,33397000.00
6/5/2021,MEMBER,TIFFANY - TTP,PT 16IN CHAIN-21803642,60084756,000000P105000000077,1,14081000.00
6/6/2021,PLATINUM,TIFFANY - TTP,SS18RRTTLADYBUGCHNBLTXSSM-67071492,09001516,000000P105000000078,1,14713000.00
6/6/2021,MEMBER,TIFFANY - TTP,SS BL MNRTT 2HRT PDT 16IN-27125107,60084757,000000P105000000079,1,5416000.00
6/6/2021,MEMBER,TIFFANY - TTP,18Y DI SM ATL PRCD KEY-35252991,60084758,000000P105000000080,1,33397000.00
6/6/2021,MEMBER,TIFFANY - TTP,18Y PENDANT CHAIN 16IN-21921394,60084758,000000P105000000080,1,8666000.00
6/9/2021,PLATINUM,TIFFANY - TTP,18R OLVLF EAR CLIMBER ER-60702586,99000328,000000P105000000081,1,22566000.00
6/9/2021,PLATINUM,TIFFANY - TTP,SS RTT LV HRT KEY BLT SM-36812591,09001516,000000P105000000082,1,11554000.00
6/9/2021,MEMBER,TIFFANY - TTP,SS BL MNRTTHRT 4MMBDBLTSM-27630146,60084759,000000P105000000083,1,6229000.00
6/9/2021,MEMBER,TIFFANY - TTP,SS BL MNRTTHRT 4MMBDBLTSM-27630146,60084760,000000P105000000084,1,6229000.00
6/11/2021,MEMBER,TIFFANY - TTP,18W TURQ T WIRE BLT MD-64028952,60084761,000000P105000000085,1,65892000.00
6/11/2021,MEMBER,TIFFANY - TTP,SS BL MNRTTHRT 4MMBDBLTSM-27630146,60084762,000000P105000000086,1,6229000.00
6/12/2021,MEMBER,TIFFANY - TTP,SS BL MNRTTHRT 4MMBDBLTMD-26659604,60084763,000000P105000000087,1,6229000.00
6/12/2021,PLATINUM,TIFFANY - TTP,PT DI 61TW TIF SLST ER-28646453,60081037,000000P105000000089,1,184134000.00
6/12/2021,MEMBER,TIFFANY - TTP,SS BL MNRTT 2HRT PDT 16IN-27125107,60084764,000000P105000000090,1,5416000.00
6/13/2021,MEMBER,TIFFANY - TTP,SS HPKMNRTTHRT4MMBDBLTXS-63686115,60084765,000000P105000000091,1,6229000.00
6/13/2021,MEMBER,TIFFANY - TTP,18W T SMILE SM PDT16 18-35189424,60084766,000000P105000000092,1,26176000.00
6/15/2021,MEMBER,TIFFANY - TTP,18R MD T WIRE BANGLE LG-33419767,60084767,000000P105000000093,1,60476000.00
6/17/2021,PLATINUM,TIFFANY - TTP,SS RD RTTMNHRT 4MMBDBLTMD-61941797,22000014,000000P105000000094,1,6229000.00
6/17/2021,PLATINUM,TIFFANY - TTP,PT 16IN CHAIN-21803642,60084768,000000P105000000095,1,14803000.00
6/17/2021,PLATINUM,TIFFANY - TTP,PT DI MDRBORNFLEURDLISKEY-60660026,60084768,000000P105000000095,1,150738000.00
6/18/2021,MEMBER,TIFFANY - TTP,18R DI MN VICTORIA KEY-62867019,60084769,000000P105000000096,1,68599000.00
6/18/2021,MEMBER,TIFFANY - TTP,18R PENDANT CHAIN 16IN-25508327,60084769,000000P105000000096,1,9388000.00
6/18/2021,PLATINUM,TIFFANY - TTP,PTDI TIFESN DBMG 4MM 6-27897711,60065619,000000P105000000097,1,55963000.00
6/18/2021,PLATINUM,TIFFANY - TTP,PTDI TIFESN DBMG 4MM 7 5-27897754,60065619,000000P105000000097,1,55963000.00
6/19/2021,GOLD,TIFFANY - TTP,SS MINI RTT HEART STUD ER-23900564,20000178,000000P105000000098,1,6229000.00
6/19/2021,GOLD,TIFFANY - TTP,18R T WIRE BLT MD-33263465,59000063,000000P105000000099,1,60476000.00
6/20/2021,MEMBER,TIFFANY - TTP,SS SM RTT HRTTG BD BLT XS-67127625,60084770,000000P105000000100,1,11464000.00
6/20/2021,PLATINUM,TIFFANY - TTP,SS MN RTT HRT4MM BD BLTSM-27631886,60084771,000000P105000000101,1,6229000.00
6/20/2021,GOLD,TIFFANY - TTP,18W T TWO DI NRW RG 5-36815884,60084772,000000P105000000102,1,86652000.00
6/20/2021,GOLD,TIFFANY - TTP,18W T TWO NRW RG 7 5-36815264,60084772,000000P105000000102,1,43326000.00
6/21/2021,MEMBER,TIFFANY - TTP,SS BLMNRTTHRT4MMBD BLT XS-63686085,60085056,000000P105000000103,1,6229000.00
6/22/2021,MEMBER,TIFFANY - TTP,SS BL MNRTTHRT 4MMBDBLTSM-27630146,60085057,000000P105000000104,1,6229000.00
6/22/2021,MEMBER,TIFFANY - TTP,SS PINK MN RTT 2HRT PDT16-28751249,60085057,000000P105000000104,1,5416000.00
6/22/2021,PLATINUM,TIFFANY - TTP,18W DI T SMILE SM BLT MD-36667192,05001498,000000P105000000105,1,72210000.00
6/22/2021,PLATINUM,TIFFANY - TTP,18W DI T WIRE BLT MD-33263473,05001498,000000P105000000106,1,114633000.00
6/22/2021,NEW,TIFFANY - TTP,SS MN 1837 INTLK BLT ADJ-35505903,60076597,000000P105000000107,1,10832000.00
6/23/2021,PLATINUM,TIFFANY - TTP,18R DI T WIRE FC RING 6 5-34901538,60085058,000000P105000000108,1,80333000.00
6/23/2021,PLATINUM,TIFFANY - TTP,PT VICT SM DI ER-11833187,60085058,000000P105000000108,1,200381000.00
6/25/2021,MEMBER,TIFFANY - TTP,18R DI .03TW T SMILE MN PDT-63843385,60085059,000000P105000000109,1,40618000.00
6/25/2021,PLATINUM,TIFFANY - TTP,18Y DI 13 CROWN KEY-25524942,20002141,000000P105000000110,1,92067000.00
6/25/2021,PLATINUM,TIFFANY - TTP,18Y PENDANT CHAIN 16IN-21921394,20002141,000000P105000000110,1,9388000.00
6/25/2021,MEMBER,TIFFANY - TTP,SS BL MNRTTHRT 4MMBDBLTSM-27630146,60085060,000000P105000000111,1,6229000.00
6/26/2021,MEMBER,TIFFANY - TTP,SS RTT MN HRT DGLRG 4 5-35243593,60085061,000000P105000000112,1,11554000.00
6/26/2021,MEMBER,TIFFANY - TTP,SS RTT MINI 2 HRT PDT16IN-22309307,60085062,000000P105000000113,1,5416000.00
6/26/2021,PLATINUM,TIFFANY - TTP,18W T TWO DI NRW RG 4 5-36815906,60085063,000000P105000000114,1,86652000.00
6/26/2021,PLATINUM,TIFFANY - TTP,18W T TWO DI NRW RG 7 5-36815876,60085063,000000P105000000114,1,86652000.00
6/26/2021,MEMBER,TIFFANY - TTP,18R OLVLF NRW BD RG 6-32080553,60085064,000000P105000000115,1,26176000.00
6/27/2021,MEMBER,TIFFANY - TTP,SS MN RTTL BLHRTBD BLT SM-61002421,60085065,000000P105000000116,1,8485000.00
6/27/2021,MEMBER,TIFFANY - TTP,SS BL MNRTT 2HRT PDT 16IN-27125107,60085066,000000P105000000117,1,5416000.00
6/27/2021,MEMBER,TIFFANY - TTP,SS MN RTT HRT4MM BD BLTSM-27631886,60085066,000000P105000000117,1,6229000.00
6/27/2021,MEMBER,TIFFANY - TTP,SS PINK MN RTT 2HRT PDT16-28751249,60085066,000000P105000000117,1,5416000.00
6/27/2021,MEMBER,TIFFANY - TTP,SS MINI RTT HEART STUD ER-23900564,60085067,000000P105000000118,1,6229000.00
6/28/2021,PLATINUM,TIFFANY - TTP,18R GRAFFITI X MN ER-60962332,05002597,000000P105000000119,1,15074000.00
6/28/2021,PLATINUM,TIFFANY - TTP,PT RDDI 40TW F VVS2 VVS2-69142087,05002597,000000P105000000119,1,81236000.00
6/28/2021,PLATINUM,TIFFANY - TTP,ST BLK T SQR BLT MD-36537973,05002597,000000P105000000120,1,43326000.00
6/28/2021,PLATINUM,TIFFANY - TTP,CLRBLK PIGGYBANK ERTHNWRE-60559961,05002597,000000P105000000121,1,6680000.00
6/28/2021,PLATINUM,TIFFANY - TTP,MD SQ JWLRY CASE LEA TFBL-60883300,05002597,000000P105000000121,1,8124000.00
6/28/2021,MEMBER,TIFFANY - TTP,CLRBLK LUGGAGE TAG-60927626,60085068,000000P105000000122,1,5958000.00
6/29/2021,PLATINUM,TIFFANY - TTP,PT DI LG VIC PDT-14743715,08001224,000000P105000000123,1,310501000.00
6/29/2021,PLATINUM,TIFFANY - TTP,PT VICT MD DI ER-25169328,08001224,000000P105000000123,1,292448000.00
6/29/2021,GOLD,TIFFANY - TTP,18R NRW T WIRE RG 5 5-33418868,60080377,000000P105000000124,1,28884000.00
6/29/2021,MEMBER,TIFFANY - TTP,SS BLMNRTTHRT4MMBD BLT XS-63686085,60085069,000000P105000000125,1,6229000.00
6/29/2021,MEMBER,TIFFANY - TTP,SS MINI RTT HEART STUD ER-23900564,60085069,000000P105000000125,1,6229000.00
6/29/2021,TEMP,TIFFANY - TTP,SS BL MN RTT 2HRT PDT 18-30210417,PV000171,000000P105000000126,1,5416000.00
6/30/2021,MEMBER,TIFFANY - TTP,18R T SMILE SM PDT16 18-35189432,60085071,000000P105000000130,1,26176000.00
7/1/2021,PLATINUM,TIFFANY - TTP,PT18Y CUDI 42FY DB RG-34686769,60067418,000000P105000000132,1,209408000.00
7/1/2021,PLATINUM,TIFFANY - TTP,18Y DI T SMILE SM PDT-63058785,60085072,000000P105000000133,1,68599000.00
7/1/2021,PLATINUM,TIFFANY - TTP,18Y T SMILE PDT LG 1618IN-33637179,60085072,000000P105000000133,1,36105000.00
7/1/2021,PLATINUM,TIFFANY - TTP,CLRBLK ZIP MULTFN WLT LEA-60939764,60079850,000000P105000000134,1,15526000.00
7/1/2021,PLATINUM,TIFFANY - TTP,SS EXEC TCLIP BLK BRS BP-37361348,60079850,000000P105000000134,1,7402000.00
7/1/2021,PLATINUM,TIFFANY - TTP,SS EXEC TCLIP TB BRS BPEN-37361399,60079850,000000P105000000134,1,7402000.00
7/3/2021,MEMBER,TIFFANY - TTP,SS MDRTT HRT TGKEY PDT16-26909686,60085073,000000P105000000135,1,6951000.00
7/3/2021,GOLD,TIFFANY - TTP,18R T WIRE BAR ER-62271884,27000390,000000P105000000136,1,31592000.00
7/3/2021,GOLD,TIFFANY - TTP,18R T TWO DI NRW RG 4 5-36821469,60085074,000000P105000000137,1,86652000.00
7/3/2021,GOLD,TIFFANY - TTP,18R T TWO NRW RG 9-36820632,60085074,000000P105000000137,1,43326000.00
7/3/2021,MEMBER,TIFFANY - TTP,SS 1837 NRW BASC RG 6-22993771,60085075,000000P105000000138,1,6229000.00
7/3/2021,PLATINUM,TIFFANY - TTP,PT RD DI 1 31 F VS1-69029906,60064032,000000P105000000139,1,685989000.00
7/3/2021,MEMBER,TIFFANY - TTP,18R DI T WIRE RG 5 5-35007903,60085076,000000P105000000140,1,56865000.00
7/4/2021,MEMBER,TIFFANY - TTP,SS BLMNRTTHRT4MMBD BLT XS-63686085,60085077,000000P105000000141,1,6229000.00
7/4/2021,PLATINUM,TIFFANY - TTP,18RDI TCO 4MM RG 8 5-33133111,20001130,000000P105000000142,1,43326000.00
7/4/2021,PLATINUM,TIFFANY - TTP,BEAR & BLOCK 3PC CHINASET-60559880,20001130,000000P105000000142,1,7402000.00
7/4/2021,PLATINUM,TIFFANY - TTP,PT DI TCO 4MM RG 9 5-33130775,20001130,000000P105000000142,1,62281000.00
7/5/2021,PLATINUM,TIFFANY - TTP,18R GRAFFITI X SM ER-61912606,60079969,000000P105000000143,1,17240000.00
7/5/2021,PLATINUM,TIFFANY - TTP,18Y TURQ T WIRE BLT SM-64028855,60079969,000000P105000000144,1,65892000.00
7/5/2021,PLATINUM,TIFFANY - TTP,18Y TURQ T WIRE RG 4 5-64027654,60079969,000000P105000000144,1,51450000.00
7/7/2021,PLATINUM,TIFFANY - TTP,18Y HW MEDIUM LINK NL18IN-38086758,60083449,000000P105000000145,1,223849000.00
7/8/2021,PLATINUM,TIFFANY - TTP,PT DI TIF EMB 3 HC RG6 5-16026301,24002905,000000P105000000146,1,162472000.00
7/8/2021,MEMBER,TIFFANY - TTP,SS RED RTTMN2HRTPDT1618IN-63520594,60085078,000000P105000000147,1,5416000.00
7/9/2021,MEMBER,TIFFANY - TTP,PT DI MINI TF CIRCLET ER-23954141,60085079,000000P105000000148,1,79431000.00
7/9/2021,GOLD,TIFFANY - TTP,SS MAKERS CUFF SM-63449121,59000063,000000P105000000149,1,13179000.00
7/10/2021,MEMBER,TIFFANY - TTP,SS BLMNRTTHRT4MMBD BLT XS-63686085,60085080,000000P105000000151,1,6229000.00
7/10/2021,PLATINUM,TIFFANY - TTP,18W DI T SMILE ER-36667168,60085081,000000P105000000152,1,55060000.00
7/10/2021,PLATINUM,TIFFANY - TTP,SS MN RTTL BLHRTBD BLT SM-61002421,25000030,000000P105000000153,1,8485000.00
7/10/2021,MEMBER,TIFFANY - TTP,18Y T SMILE SM PDT16 18-35189459,60085082,000000P105000000155,1,26176000.00
7/11/2021,GOLD,TIFFANY - TTP,18Y DI MN VICTORIA KEY-62866950,60065272,000000P105000000156,1,68599000.00
7/11/2021,GOLD,TIFFANY - TTP,18Y DI T WIRE RG 5 5-35008187,60065272,000000P105000000156,1,56865000.00
7/11/2021,GOLD,TIFFANY - TTP,18Y PENDANT CHAIN 18IN-21921386,60065272,000000P105000000156,1,9388000.00
7/11/2021,GOLD,TIFFANY - TTP,SS BL MNRTT 2HRT PDT 16IN-27125107,60065272,000000P105000000156,1,5416000.00
7/11/2021,MEMBER,TIFFANY - TTP,SS BLMNRTTHRT4MMBD BLT XS-63686085,60085083,000000P105000000157,1,6229000.00
7/11/2021,NEW,TIFFANY - TTP,18Y MN LVG HEART PDT16IN-34595771,60077793,000000P105000000158,1,19858000.00
7/11/2021,MEMBER,TIFFANY - TTP,18R T1 NRW RG6-67797396,60085084,000000P105000000159,1,28884000.00
7/11/2021,MEMBER,TIFFANY - TTP,SS MN RTTL BLUE HRT ER-60994862,60085085,000000P105000000160,1,10832000.00
7/11/2021,GOLD,TIFFANY - TTP,CLR BLK PSSPRT CVR GRNLEA-60927596,60073377,000000P105000000161,1,7402000.00
7/11/2021,GOLD,TIFFANY - TTP,SS BL MNRTTHRT 4MMBDBLTSM-27630146,60073377,000000P105000000161,1,6229000.00
7/12/2021,PLATINUM,TIFFANY - TTP,18W DI TURQ T WIRE RG 5 5-64028138,24003554,000000P105000000162,1,63184000.00
7/17/2021,PLATINUM,TIFFANY - TTP,SS BL MNRTT 2HRT PDT 16IN-27125107,60085086,000000P105000000163,1,5416000.00
7/17/2021,MEMBER,TIFFANY - TTP,SS BLMNRTTHRT4MMBD BLT XS-63686085,60085087,000000P105000000164,1,6229000.00
7/18/2021,MEMBER,TIFFANY - TTP,18R TFHARMONY 3MM RG4 5-33419252,60085088,000000P105000000165,1,27982000.00
7/18/2021,MEMBER,TIFFANY - TTP,18R TFHARMONY 3MM RG6-33419139,60085088,000000P105000000165,1,27982000.00
7/18/2021,MEMBER,TIFFANY - TTP,SS MN 1837 INTLK BLT ADJ-35505903,60085089,000000P105000000166,1,10832000.00
7/18/2021,MEMBER,TIFFANY - TTP,SS BL MNRTTHRT 4MMBDBLTSM-27630146,60085090,000000P105000000167,1,6229000.00
7/21/2021,PLATINUM,TIFFANY - TTP,SS HW GRAD LINK NL 18IN-38086898,60063583,000000P105000000168,1,67697000.00
7/21/2021,PLATINUM,TIFFANY - TTP,SS HW LINK ER-38087959,60063583,000000P105000000168,1,38813000.00
7/21/2021,PLATINUM,TIFFANY - TTP,SS HW MD 19MM WRAP BRACELET-61699309,60063583,000000P105000000168,1,48742000.00
9/15/2021,NEW,TIFFANY - TTP,SS BL MNRTT 2HRT PDT 16IN-27125107,60085091,000000P105000000169,1,5416000.00
9/15/2021,PLATINUM,TIFFANY - TTP,18RHLFDIT1NRWHNGBGLSM-68315751,60085092,000000P105000000170,1,285227000.00
9/24/2021,MEMBER,TIFFANY - TTP,SS OLVLF EAR CLIMBER ER-60702527,60085093,000000P105000000171,1,10832000.00
9/27/2021,MEMBER,TIFFANY - TTP,18R T SMILE SM PDT16 18-35189432,60085105,000000P105000000172,1,26176000.00
9/27/2021,MEMBER,TIFFANY - TTP,SS RD RTTMNHRT 4MMBDBLTSM-61941770,60085104,000000P105000000173,1,6229000.00
9/28/2021,MEMBER,TIFFANY - TTP,SS SM RTT HRT BLT SM-29668086,60085103,000000P105000000174,1,6229000.00
9/28/2021,GOLD,TIFFANY - TTP,18RDI TCO 4MM RG 7 5-33133162,60081050,000000P105000000175,1,43326000.00
9/28/2021,GOLD,TIFFANY - TTP,18RDI TCO 4MM RG 8-33133014,60081050,000000P105000000175,1,43326000.00
9/29/2021,PLATINUM,TIFFANY - TTP,18R T TWO DI PAVE NRW 6 5-36822325,24002596,000000P105000000176,1,143517000.00
9/29/2021,GOLD,TIFFANY - TTP,18Y DI T WIRE BLT MD-35065717,60085102,000000P105000000177,1,114633000.00
9/30/2021,MEMBER,TIFFANY - TTP,18R DI DBL LVG HRT ER-63062529,60085101,000000P105000000178,1,31592000.00
10/1/2021,GOLD,TIFFANY - TTP,18R DI TCO 3MM RG 5-27897886,60085100,000000P105000000180,1,37910000.00
10/1/2021,GOLD,TIFFANY - TTP,18RDI TCO 4MM RG 6 5-33132999,60085100,000000P105000000180,1,43326000.00
10/2/2021,MEMBER,TIFFANY - TTP,SS PK MNRT HRT 4MMBDBLTSM-30978838,60085099,000000P105000000181,1,6229000.00
10/2/2021,MEMBER,TIFFANY - TTP,PT DI RD SGLRW SLST PDT-60572852,60085098,000000P105000000182,1,59573000.00
10/2/2021,MEMBER,TIFFANY - TTP,SS 1837 NRW CUFF SM-31417767,MC0000000022,000000P105000000183,1,12096000.00
10/2/2021,MEMBER,TIFFANY - TTP,SS MAKERS CUFF MD-63526894,MC0000000022,000000P105000000183,1,13179000.00
10/4/2021,GOLD,TIFFANY - TTP,CLRBK FLAPCNT WLT GRNLEA-60883416,MA001928,000000P105000000184,1,16970000.00
10/5/2021,MEMBER,TIFFANY - TTP,SS MN RTT HRT 4MMBD BLTLG-24711781,MC0000000028,000000P105000000185,1,6229000.00
10/5/2021,PLATINUM,TIFFANY - TTP,PT DI PS TNZ 10X7SLST PDT-29137102,60085097,000000P105000000186,1,227460000.00
10/5/2021,PLATINUM,TIFFANY - TTP,PTDI RD BLSA 5MM SLST ER-31176409,60085097,000000P105000000186,1,225655000.00
10/6/2021,MEMBER,TIFFANY - TTP,18R T SMILE SM PDT16 18-35189432,60085096,000000P105000000187,1,26176000.00
10/6/2021,MEMBER,TIFFANY - TTP,SS RTT HRT KEY PDTADJ1618-36812613,60085094,000000P105000000188,1,11554000.00
10/6/2021,PLATINUM,TIFFANY - TTP,18R HLFDI T1 NRWRG5-67795318,60085095,000000P105000000189,1,48742000.00
10/6/2021,PLATINUM,TIFFANY - TTP,18R T TWO NRW RG 6 5-36820608,60085095,000000P105000000189,1,43326000.00
10/7/2021,PLATINUM,TIFFANY - TTP,18R NRW T WIRE RG 6-33418876,60066101,000000P105000000190,1,28884000.00
10/7/2021,PLATINUM,TIFFANY - TTP,18R T TWO MD RG 6 5-36509228,60066101,000000P105000000190,1,55060000.00
10/7/2021,MEMBER,TIFFANY - TTP,18Y MN LVG HEART BLT SM-34614563,MC0000000035,000000P105000000193,1,17240000.00
10/8/2021,MEMBER,TIFFANY - TTP,CLRBLK MN VIDEPOCHE PORS4-60570108,53000048,000000P105000000194,1,6680000.00
10/8/2021,MEMBER,TIFFANY - TTP,SS RD RTTMNHRT 4MMBDBLTMD-61941797,MC0000000038,000000P105000000195,1,6229000.00
10/8/2021,MEMBER,TIFFANY - TTP,SS PKMNRTTHRT 4MMBD BLTXS-63520543,MC0000000039,000000P105000000196,1,6229000.00
10/9/2021,MEMBER,TIFFANY - TTP,SS RTT HRT KEY PDTADJ1618-36812613,MC0000000040,000000P105000000197,1,11554000.00
10/9/2021,MEMBER,TIFFANY - TTP,SSMNRTTHRT4MMBDBLTXS-63686131,MC0000000040,000000P105000000197,1,6229000.00
10/9/2021,MEMBER,TIFFANY - TTP,SS MN RTTL BLUE HRT ER-60994862,60078527,000000P105000000198,1,10832000.00
10/9/2021,MEMBER,TIFFANY - TTP,18Y T SMILE SM PDT16 18-35189459,MC0000000048,000000P105000000199,1,26176000.00
10/10/2021,MEMBER,TIFFANY - TTP,SS HW MEDIUM LINK BLT SM-39991608,MC0000000059,000000P105000000200,1,22566000.00
10/10/2021,TEMP,TIFFANY - TTP,18R DI T SMILE SM BLT SM-36819588,PV000303,000000P105000000201,1,72210000.00
10/10/2021,TEMP,TIFFANY - TTP,18R DI T WIRE RG 5 5-35007903,PV000303,000000P105000000201,1,56865000.00
10/11/2021,PLATINUM,TIFFANY - TTP,18W DI T SMILE SM BLT SM-36819634,60090833,000000P105000000202,1,72210000.00
10/11/2021,PLATINUM,TIFFANY - TTP,18W DI T WIRE BLT SM-33450915,60090833,000000P105000000202,1,114633000.00
10/12/2021,MEMBER,TIFFANY - TTP,SS RTT HRT KEY PDTADJ1618-36812613,03001727,000000P105000000204,1,11554000.00
10/12/2021,MEMBER,TIFFANY - TTP,SSMNRTTHRT4MMBDBLTXS-63686131,03001727,000000P105000000204,1,6951000.00
10/12/2021,PLATINUM,TIFFANY - TTP,SS PKMNRTTHRT 4MMBD BLTXS-63520543,20000526,000000P105000000205,1,6951000.00
10/13/2021,PLATINUM,TIFFANY - TTP,18R ATLS X CLSD INTRLCKPDT161-67789237,13000508,000000P105000000206,1,51450000.00
10/13/2021,PLATINUM,TIFFANY - TTP,18R DI SM OPN CRCL PDT 16-60573204,13000508,000000P105000000206,1,100191000.00
10/13/2021,PLATINUM,TIFFANY - TTP,SS18Y MAKERS WDCHN BLT LG-63448966,13000508,000000P105000000207,1,29787000.00
10/13/2021,MEMBER,TIFFANY - TTP,18R ATLS X CLSD INTRLCKPDT161-67789237,MC0000000080,000000P105000000208,1,51450000.00
10/13/2021,PLATINUM,TIFFANY - TTP,SS MN RTT HRT4MM BD BLTSM-27631886,09000224,000000P105000000209,1,6951000.00
10/13/2021,PLATINUM,TIFFANY - TTP,SSMNRTTHRT4MMBDBLTXS-63686131,09000224,000000P105000000209,1,6951000.00
10/13/2021,PLATINUM,TIFFANY - TTP,18R DI T WIRE RG 4 5-35008071,60078468,000000P105000000210,1,56865000.00
10/13/2021,PLATINUM,TIFFANY - TTP,18WDIPV T TRUE NW RG 5-67456866,60078468,000000P105000000210,1,120951000.00
10/13/2021,PLATINUM,TIFFANY - TTP,18Y MOP T WIRE BLT SM-63958476,39000072,000000P105000000211,1,60476000.00
10/13/2021,PLATINUM,TIFFANY - TTP,SS HW MEDIUM LINK BLT LG-39991594,39000072,000000P105000000211,1,22566000.00
10/14/2021,PLATINUM,TIFFANY - TTP,SS18Y MAKERS CHAIN BLT MD-63526738,19000025,000000P105000000212,1,25274000.00
10/14/2021,PLATINUM,TIFFANY - TTP,SS18Y MAKERS WDCHN BLT MD-66875466,19000025,000000P105000000212,1,29787000.00
10/14/2021,MEMBER,TIFFANY - TTP,SS RD RTTMNHRT 4MMBDBLTSM-61941770,MC0000000092,000000P105000000213,1,6951000.00
10/14/2021,PLATINUM,TIFFANY - TTP,18R HW MEDIUM LINK BLT MD-38086847,22000031,000000P105000000214,1,109217000.00
10/14/2021,MEMBER,TIFFANY - TTP,SS RTT HEART BLT 7 5IN-21149799,MC0000000100,000000P105000000215,1,13179000.00
10/15/2021,PLATINUM,TIFFANY - TTP,18R DI T SQR WRAP RG 4 5-35606793,60062549,000000P105000000216,1,77626000.00
10/15/2021,PLATINUM,TIFFANY - TTP,18R T1 WD RG7 -67796527,60062549,000000P105000000216,1,60476000.00
10/15/2021,PLATINUM,TIFFANY - TTP,SS RTT MINI 2 HRT PDT16IN-22309307,27000944,000000P105000000217,1,6951000.00
10/15/2021,PLATINUM,TIFFANY - TTP,18R DI T WIRE BLT MD-33263538,60089865,000000P105000000218,1,114633000.00
10/15/2021,PLATINUM,TIFFANY - TTP,18R DI T WIRE RG 7-35007873,60089865,000000P105000000218,1,56865000.00
10/16/2021,MEMBER,TIFFANY - TTP,18R T TRUE WD RG 7-63064351,MC0000000115,000000P105000000219,1,48742000.00
10/16/2021,MEMBER,TIFFANY - TTP,18R ONYX T WIRE RG 6-64027492,MC0000000122,000000P105000000221,1,46034000.00
10/16/2021,MEMBER,TIFFANY - TTP,18Y T SMILE PDT LG 1618IN-33637179,MC0000000134,000000P105000000224,1,36105000.00
10/17/2021,MEMBER,TIFFANY - TTP,SS MN RTT HRT4MM BD BLTSM-27631886,MC0000000138,000000P105000000225,1,6951000.00
10/17/2021,MEMBER,TIFFANY - TTP,18Y T SMILE SM PDT16 18-35189459,MC0000000105,000000P105000000226,1,26176000.00
10/17/2021,PLATINUM,TIFFANY - TTP,18R DI WOVEN KEY MD-35725504,24002686,000000P105000000227,1,148030000.00
10/17/2021,PLATINUM,TIFFANY - TTP,18R PENDANT CHAIN 16IN-25508327,24002686,000000P105000000227,1,9388000.00
10/17/2021,PLATINUM,TIFFANY - TTP,18R DI MOP T WIRE BLT MD-64028626,60065296,000000P105000000229,1,92067000.00
10/17/2021,MEMBER,TIFFANY - TTP,SS MDRTT HRT TGKEYPDT18IN-30210492,MC0000000150,000000P105000000230,1,7763000.00
10/17/2021,GOLD,TIFFANY - TTP,18R DI MOP T WIRE BLT SM-64028596,MC0000000154,000000P105000000231,1,92067000.00
10/17/2021,PLATINUM,TIFFANY - TTP,18R DI MOP T WIRE BLT SM-64028596,08001361,000000P105000000232,1,92067000.00
10/17/2021,PLATINUM,TIFFANY - TTP,18R DI MD ROUND VIC KEY-37688304,MA001920,000000P105000000233,1,200381000.00
10/17/2021,GOLD,TIFFANY - TTP,18RDIONYX T TWO CLPDT1618-64026992,27000538,000000P105000000234,1,79431000.00
10/17/2021,GOLD,TIFFANY - TTP,18WDITURQ TTWOSMCLPDT1618-67467787,27000538,000000P105000000234,1,70405000.00
10/17/2021,PLATINUM,TIFFANY - TTP,18R T SQR BLT SMALL-33282354,22000426,000000P105000000235,1,160666000.00
10/17/2021,PLATINUM,TIFFANY - TTP,18RHALFDIT1WDHNGBGLMD-67792858,22000426,000000P105000000235,1,572260000.00
10/18/2021,PLATINUM,TIFFANY - TTP,PT DI LG HEART PDT 16IN-13006598,MC0000000166,000000P105000000236,1,330358000.00
10/18/2021,PLATINUM,TIFFANY - TTP,PT DI MINI HRT PDT-23511827,60084742,000000P105000000237,1,74015000.00
10/18/2021,PLATINUM,TIFFANY - TTP,PT RD DI 50 F VS1-69132944,MC0000000171,000000P105000000238,1,159764000.00
10/19/2021,MEMBER,TIFFANY - TTP,SS RD RTTMNHRT 4MMBDBLTSM-61941770,20000519,000000P105000000239,1,6951000.00
10/19/2021,MEMBER,TIFFANY - TTP,SSREDRTTMNHRT4MMBDBLTXS-63686174,MC0000000175,000000P105000000240,1,6951000.00
10/19/2021,GOLD,TIFFANY - TTP,18R MOP T WIRE BLT SM-63958328,60077796,000000P105000000241,1,60476000.00
10/19/2021,MEMBER,TIFFANY - TTP,18Y LVG HRT STUD ER MN-34595798,MC0000000185,000000P105000000242,1,21663000.00
10/19/2021,PLATINUM,TIFFANY - TTP,18RDI MOP TTWOSMCLPDT1618-67467582,MC0000000186,000000P105000000243,1,64989000.00
10/19/2021,PLATINUM,TIFFANY - TTP,SS HW MEDIUM LINK BLT MD-38086855,MC0000000186,000000P105000000243,1,22566000.00
10/19/2021,TEMP,TIFFANY - TTP,18W DI T WIRE BLT SM-33450915,18010607,000000P105000000244,1,114633000.00
10/20/2021,MEMBER,TIFFANY - TTP,SS RTT MINI 2 HRT PDT16IN-22309307,60081914,000000P105000000245,1,6951000.00
10/20/2021,GOLD,TIFFANY - TTP,18R OLVLF NRW BD RG 5-32080588,27001314,000000P105000000246,1,26176000.00
10/20/2021,MEMBER,TIFFANY - TTP,18R DI .03TW T SMILE MN PDT-63843385,MC0000000199,000000P105000000247,1,40618000.00
10/20/2021,PLATINUM,TIFFANY - TTP,18Y HW MD 19MM WRAP BLTMD-37932825,MC0000000186,000000P105000000248,1,256344000.00
10/20/2021,MEMBER,TIFFANY - TTP,SS HPKMNRTTHRT4MMBDBLTMD-63527564,MC0000000209,000000P105000000249,1,6951000.00
10/20/2021,PLATINUM,TIFFANY - TTP,18R DI T WIRE BLT MD-33263538,24003667,000000P105000000250,1,114633000.00
10/20/2021,PLATINUM,TIFFANY - TTP,SS PK MNRTTHRT4MMBDBLTMD-30978811,24003667,000000P105000000250,1,6951000.00
10/20/2021,PLATINUM,TIFFANY - TTP,18R T1 NRW HNGBGL SM-67794362,MC0000000207,000000P105000000251,1,103801000.00
10/20/2021,MEMBER,TIFFANY - TTP,PT DI MINI TF CIRCLET PDT-23954133,MC0000000212,000000P105000000252,1,50547000.00
10/21/2021,MEMBER,TIFFANY - TTP,18WDITURQ TTWOSMCLPDT1618-67467787,MC0000000217,000000P105000000253,1,70405000.00
10/21/2021,MEMBER,TIFFANY - TTP,18W T SMILE SM PDT16 18-35189424,MC0000000224,000000P105000000254,1,26176000.00
10/22/2021,GOLD,TIFFANY - TTP,SS RTT HEART BLT SM-37360201,60081187,000000P105000000255,1,13179000.00
10/22/2021,GOLD,TIFFANY - TTP,SS RTT MN HRT DGLRG 5 5-35243682,60081187,000000P105000000255,1,11554000.00
10/22/2021,PLATINUM,TIFFANY - TTP,18W DI T SMILE SM PDT-63058807,MA002648,000000P105000000256,1,68599000.00
10/23/2021,MEMBER,TIFFANY - TTP,18R DI .03TW T SMILE MN PDT-63843385,MC0000000237,000000P105000000257,1,40618000.00
10/23/2021,MEMBER,TIFFANY - TTP,18R T SMILE SM PDT16 18-35189432,MC0000000240,000000P105000000258,1,26176000.00
10/23/2021,PLATINUM,TIFFANY - TTP,SS MN RTT HRT 4MMBD BLTMD-23984024,08001224,000000P105000000259,1,6951000.00
10/23/2021,PLATINUM,TIFFANY - TTP,18R DI T WIRE RG 5-35008144,60084239,000000P105000000260,1,56865000.00
10/23/2021,PLATINUM,TIFFANY - TTP,SSBLSMRTTDBLHRTTAGPDT1618-37094692,05001353,000000P105000000261,1,10832000.00
10/23/2021,PLATINUM,TIFFANY - TTP,PT RD DI 1 09 F VS1-69031420,16000039,000000P105000000262,1,505466000.00
10/23/2021,MEMBER,TIFFANY - TTP,PT DI RD MN SGLRW SLST ER-60987459,21000564,000000P105000000263,1,74015000.00
10/23/2021,GOLD,TIFFANY - TTP,SS HPKMNRTTHRT4MMBDBLTMD-63527564,23000267,000000P105000000264,1,6951000.00
10/24/2021,MEMBER,TIFFANY - TTP,18R T SMILE SM PDT16 18-35189432,MC0000000265,000000P105000000269,1,26176000.00
10/24/2021,MEMBER,TIFFANY - TTP,SS MD RTT HRT TAGTGLBLTSM-32080251,MC0000000268,000000P105000000270,1,15435000.00
10/25/2021,PLATINUM,TIFFANY - TTP,18WDIPV T TRUE WD RG 5 5-67459962,19000068,000000P105000000272,1,178719000.00
10/25/2021,PLATINUM,TIFFANY - TTP,PT DI MD VIC PDT-25168224,60077685,000000P105000000273,1,171498000.00
10/25/2021,PLATINUM,TIFFANY - TTP,PT MN VIC DI ER-23954168,60077685,000000P105000000273,1,106509000.00
10/26/2021,MEMBER,TIFFANY - TTP,SSBLSMRTTDBLHRTTAGPDT1618-37094692,MC0000000281,000000P105000000274,1,10832000.00
10/26/2021,MEMBER,TIFFANY - TTP,SS MN RTT HRT4MM BD BLTSM-27631886,60091037,000000P105000000275,1,6951000.00
10/27/2021,PLATINUM,TIFFANY - TTP,18R DI MN TFCRCLT PDT-61691774,09000109,000000P105000000276,1,50547000.00
10/28/2021,MEMBER,TIFFANY - TTP,SS BL RTT HRT TAG BLT MD-28751192,MC0000000300,000000P105000000278,1,14262000.00
10/28/2021,MEMBER,TIFFANY - TTP,SS MDRTT HRT TGKEYPDT18IN-30210492,MC0000000306,000000P105000000279,1,7763000.00
10/28/2021,PLATINUM,TIFFANY - TTP,PT RD DI 95 F VS1-69085105,60067426,000000P105000000280,1,384515000.00
10/28/2021,MEMBER,TIFFANY - TTP,SS MN RTT HRT 4MMBD BLTMD-23984024,MC0000000306,000000P105000000281,1,6951000.00
10/28/2021,MEMBER,TIFFANY - TTP,SS MN RTT HRT 4MMBD BLTMD-23984024,MC0000000315,000000P105000000282,1,6951000.00
10/28/2021,MEMBER,TIFFANY - TTP,18R T TWO MD RG 10-36509171,MC0000000319,000000P105000000283,1,55060000.00
10/28/2021,PLATINUM,TIFFANY - TTP,PT TRU DI 79 F VVS2-68522021,60067370,000000P105000000284,1,265370000.00
10/29/2021,PLATINUM,TIFFANY - TTP,18W DI TURQ T WIRE RG 6 5-64028170,24001936,000000P105000000285,1,63184000.00
10/29/2021,GOLD,TIFFANY - TTP,PT DI TCO 3MM RG 5 5-23776316,MC0000000343,000000P105000000286,1,46937000.00
10/29/2021,GOLD,TIFFANY - TTP,PT DI TCO 3MM RG 7-23776359,MC0000000343,000000P105000000286,1,46937000.00
10/29/2021,PLATINUM,TIFFANY - TTP,18W DI T WIRE RG 6 5-33279302,24001936,000000P105000000287,1,56865000.00
10/29/2021,PLATINUM,TIFFANY - TTP,18W DI TURQ T WIRE RG 6 5-64028170,24001936,000000P105000000289,-1,-63184000.00
10/30/2021,PLATINUM,TIFFANY - TTP,18R DI MN VICTORIA KEY-62867019,24001124,000000P105000000290,1,68599000.00
10/30/2021,PLATINUM,TIFFANY - TTP,18R PENDANT CHAIN 18IN-25508335,24001124,000000P105000000290,1,9388000.00
10/30/2021,GOLD,TIFFANY - TTP,18W DI TURQ T WIRE BLT MD-64029037,60079105,000000P105000000291,1,97483000.00
10/30/2021,GOLD,TIFFANY - TTP,18R T TWO MD RG 8-36509368,08001406,000000P105000000292,1,55060000.00
10/30/2021,GOLD,TIFFANY - TTP,18R T TWO NRW RG 6-36820551,08001406,000000P105000000292,1,43326000.00
10/31/2021,MEMBER,TIFFANY - TTP,SS 1837 NRRW CUFF LG-22992449,MA003074,000000P105000000293,1,12096000.00
10/31/2021,MEMBER,TIFFANY - TTP,18R DI DBL LVGHRT MN PDT-63058262,MC0000000365,000000P105000000294,1,24371000.00
10/31/2021,PLATINUM,TIFFANY - TTP,18WDIPV T TRUE WD RG 4 5-67459911,MC0000000369,000000P105000000295,1,178719000.00
10/31/2021,PLATINUM,TIFFANY - TTP,18RDIPKOP T TWO CLPDT1618-64027115,60081038,000000P105000000296,1,82139000.00
10/31/2021,PLATINUM,TIFFANY - TTP,18R DI MOP T WIRE BLT MD-64028626,06000114,000000P105000000297,1,92067000.00
10/31/2021,PLATINUM,TIFFANY - TTP,18R DI MOP T WIRE RG 6 5-64027956,06000114,000000P105000000297,1,56865000.00
10/31/2021,PLATINUM,TIFFANY - TTP,SS MAKERS SQR PDT24IN-63448532,60081958,000000P105000000298,1,12366000.00
10/31/2021,PLATINUM,TIFFANY - TTP,18R FULL DI T1 WD 6 5-68169836,20001306,000000P105000000299,1,164277000.00
10/31/2021,PLATINUM,TIFFANY - TTP,18R T1 NRW RG5 5-67797361,20001306,000000P105000000299,1,28884000.00
11/2/2021,MEMBER,TIFFANY - TTP,SS RTT MD HRT TAG PDT18IN-30971655,MC0000000396,000000P105000000300,1,6951000.00
11/2/2021,PLATINUM,TIFFANY - TTP,SS MN RTTL BLHRTBD BLT SM-61002421,60078232,000000P105000000301,1,8485000.00
11/3/2021,MEMBER,TIFFANY - TTP,18Y PENDANT CHAIN 18IN-21921386,MC0000000412,000000P105000000302,1,9388000.00
11/3/2021,GOLD,TIFFANY - TTP,18R DI MOP T WIRE RG 5 5-64027905,60077273,000000P105000000303,1,56865000.00
11/4/2021,MEMBER,TIFFANY - TTP,SS 1837 NRW BASC RG 5-22993755,MC0000000421,000000P105000000304,1,6951000.00
11/6/2021,MEMBER,TIFFANY - TTP,18R DI MOP T WIRE RG 4 5-64027867,60082027,000000P105000000307,1,56865000.00
11/6/2021,GOLD,TIFFANY - TTP,18W DI T WIRE RG 5-33279337,MC0000000461,000000P105000000308,1,56865000.00
11/6/2021,GOLD,TIFFANY - TTP,18W T SQR RG 7-33264216,MC0000000461,000000P105000000308,1,48742000.00
11/6/2021,PLATINUM,TIFFANY - TTP,18R DI PV T TRUE .23TW NW RG 6.5-63961817,60073128,000000P105000000309,1,120951000.00
11/6/2021,PLATINUM,TIFFANY - TTP,18R T TRUE WD RG 7 5-63064386,60073128,000000P105000000309,1,48742000.00
11/6/2021,MEMBER,TIFFANY - TTP,SS MAKERS MD SLICE RG9-63450421,MC0000000477,000000P105000000310,1,11554000.00
11/6/2021,PLATINUM,TIFFANY - TTP,18R HLFDI T1 NRWRG5-67795318,60062750,000000P105000000311,1,48742000.00
11/6/2021,PLATINUM,TIFFANY - TTP,18R T TRUE NRW RG 7 5-63065307,60062750,000000P105000000311,1,28884000.00
11/6/2021,PLATINUM,TIFFANY - TTP,18Y T SMILE SM PDT16 18-35189459,60062750,000000P105000000311,1,26176000.00
11/6/2021,BOD,TIFFANY - TTP,18Y CUDI2 24FV VVS2-63727164,99000004,000000P105000000312,1,1610268800.00
11/10/2021,MEMBER,TIFFANY - TTP,SSREDRTTMNHRT4MMBDBLTXS-63686174,MC0000000532,000000P105000000313,1,6951000.00
11/10/2021,GOLD,TIFFANY - TTP,SS MN RTT HRT 4MMBD BLTMD-23984024,60064281,000000P105000000314,1,6951000.00
11/10/2021,MEMBER,TIFFANY - TTP,SS18RRTTLADYBUGCHNBLTXSSM-67071492,23000103,000000P105000000315,1,14713000.00
11/11/2021,MEMBER,TIFFANY - TTP,18R T SMILE SM PDT16 18-35189432,MC0000000547,000000P105000000316,1,26176000.00
11/11/2021,MEMBER,TIFFANY - TTP,18R DI LVGHRT WIRE BLT MD-60963703,40000256,000000P105000000317,1,46937000.00
11/12/2021,MEMBER,TIFFANY - TTP,18R T SMILE SM PDT16 18-35189432,MC0000000574,000000P105000000318,1,26176000.00
11/12/2021,MEMBER,TIFFANY - TTP,18R T SMILE SM PDT16 18-35189432,MC0000000574,000000P105000000321,-1,-26176000.00
11/12/2021,MEMBER,TIFFANY - TTP,18R T SMILE SM PDT16 18-35189432,MC0000000574,000000P105000000322,1,26176000.00
11/12/2021,MEMBER,TIFFANY - TTP,18R DI MOP T WIRE RG 7-64027972,MC0000000577,000000P105000000323,1,56865000.00
11/12/2021,PLATINUM,TIFFANY - TTP,18R ATLAS X CLOSED LG HOOP ER-67786130,20002141,000000P105000000324,1,83041000.00
11/13/2021,MEMBER,TIFFANY - TTP,SSBLSMRTTDBLHRTTAGPDT1618-37094692,MC0000000597,000000P105000000325,1,10832000.00
11/13/2021,PLATINUM,TIFFANY - TTP,18R T TWO DI NRW RG 6-36821329,MC0000000603,000000P105000000326,1,86652000.00
11/13/2021,PLATINUM,TIFFANY - TTP,18RDIPV T TRUE NW RG 4 5-67456386,MC0000000603,000000P105000000326,1,120951000.00
11/13/2021,GOLD,TIFFANY - TTP,18R HLFDI T1 NRWRG6-67795350,MC0000000602,000000P105000000327,1,48742000.00
11/13/2021,PLATINUM,TIFFANY - TTP,18R DI T WIRE BLT SM-35093338,38000041,000000P105000000328,1,114633000.00
11/13/2021,PLATINUM,TIFFANY - TTP,18R DI T WIRE RG 5-35008144,38000041,000000P105000000328,1,56865000.00
11/14/2021,MEMBER,TIFFANY - TTP,SS18Y MAKERS CHAIN BLT SM-63448877,MC0000000637,000000P105000000329,1,25274000.00
11/14/2021,GOLD,TIFFANY - TTP,18RDI T TRUE LINK RG 5-63064734,MC0000000643,000000P105000000330,1,40618000.00
11/14/2021,GOLD,TIFFANY - TTP,18RDI T TRUE LINK RG 7-63064815,MC0000000643,000000P105000000330,1,40618000.00
11/14/2021,GOLD,TIFFANY - TTP,PT DI RD AQ 6MM SLST PDT-32814867,MC0000000654,000000P105000000331,1,97483000.00
11/15/2021,PLATINUM,TIFFANY - TTP,18Y DI 13 CROWN KEY-25524942,60063589,000000P105000000332,1,92067000.00
11/15/2021,PLATINUM,TIFFANY - TTP,18Y DI MN FLEURDELIS KEY-62866934,60063589,000000P105000000332,1,63184000.00
11/15/2021,PLATINUM,TIFFANY - TTP,18Y PENDANT CHAIN 18IN-21921386,60063589,000000P105000000332,1,9388000.00
11/15/2021,PLATINUM,TIFFANY - TTP,PT DI WOVEN KEY LG-35725636,60063589,000000P105000000332,1,250928000.00
11/16/2021,NEW,TIFFANY - TTP,SS BL MN RTT 2HRT PDT 18-30210417,60075010,000000P105000000333,1,6951000.00
11/16/2021,PLATINUM,TIFFANY - TTP,PT18Y LYNN DI 28TW ER STD-10907152,39000072,000000P105000000334,1,106509000.00
11/17/2021,PLATINUM,TIFFANY - TTP,18RHLFDIT1NRWHNGBGLMD-68315786,20001306,000000P105000000336,1,285227000.00
11/19/2021,GOLD,TIFFANY - TTP,18R DI T WIRE BLT SM-35093338,MC0000000740,000000P105000000339,1,114633000.00
11/19/2021,MEMBER,TIFFANY - TTP,18Y TURQ T WIRE BLT SM-64028855,MC0000000745,000000P105000000340,1,65892000.00
11/19/2021,MEMBER,TIFFANY - TTP,18R DI T SMILE SM PDT-63058823,MC0000000751,000000P105000000341,1,68599000.00
11/20/2021,GOLD,TIFFANY - TTP,18Y T SMILE SM PDT16 18-35189459,MC0000000771,000000P105000000342,1,26176000.00
11/20/2021,GOLD,TIFFANY - TTP,18Y TURQ T WIRE BLT MD-64028871,MC0000000771,000000P105000000342,1,65892000.00
11/20/2021,MEMBER,TIFFANY - TTP,18R MOP T WIRE RG 7-64027298,MC0000000782,000000P105000000343,1,46034000.00
11/20/2021,MEMBER,TIFFANY - TTP,18R T SMILE SM PDT16 18-35189432,MC0000000782,000000P105000000344,1,26176000.00
11/20/2021,GOLD,TIFFANY - TTP,SS MN RTT HRT 4MMBD BLTMD-23984024,12001422,000000P105000000345,1,6951000.00
11/21/2021,GOLD,TIFFANY - TTP,18R DI MOP T WIRE RG 7 5-64027999,MC0000000820,000000P105000000346,1,56865000.00
11/21/2021,GOLD,TIFFANY - TTP,18RDI MOP T TWO CLPDT1618-64026828,MC0000000820,000000P105000000346,1,79431000.00
11/22/2021,MEMBER,TIFFANY - TTP,18R PENDANT CHAIN 18IN-25508335,MC0000000839,000000P105000000347,1,9388000.00
11/22/2021,MEMBER,TIFFANY - TTP,18R SM DI DAISY KEY-26887771,MC0000000839,000000P105000000347,1,43326000.00
11/22/2021,MEMBER,TIFFANY - TTP,SS MN RTT HRT 4MMBD BLTMD-23984024,MC0000000843,000000P105000000348,1,6951000.00
11/22/2021,MEMBER,TIFFANY - TTP,18R DI MN FLEURDELIS KEY-62866993,MC0000000850,000000P105000000349,1,63184000.00
11/22/2021,MEMBER,TIFFANY - TTP,18R PENDANT CHAIN 16IN-25508327,MC0000000850,000000P105000000349,1,9388000.00
11/22/2021,MEMBER,TIFFANY - TTP,18R DI T SMILE SM PDT-63058823,MC0000000851,000000P105000000350,1,68599000.00
11/22/2021,PLATINUM,TIFFANY - TTP,PT RDDI 91 G VS1-66866815,MC0000000858,000000P105000000351,1,388126000.00
11/23/2021,PLATINUM,TIFFANY - TTP,18R MOP T WIRE RG 5-64027204,60065597,000000P105000000352,1,46034000.00
11/23/2021,PLATINUM,TIFFANY - TTP,18R ONYX T WIRE RG 5-64027441,60065597,000000P105000000352,1,46034000.00
11/23/2021,PLATINUM,TIFFANY - TTP,BRS RTHNM TCLP BP-25391209,20000850,000000P105000000353,1,6680000.00
11/24/2021,PLATINUM,TIFFANY - TTP,18R DI MN PETALS KEY-60660190,60085095,000000P105000000356,1,83041000.00
11/24/2021,PLATINUM,TIFFANY - TTP,18R PENDANT CHAIN 16IN-25508327,60085095,000000P105000000356,1,9388000.00
11/25/2021,GOLD,TIFFANY - TTP,18R HLFDI T1 NRWRG4 5-67795288,60083454,000000P105000000357,1,48742000.00
11/25/2021,GOLD,TIFFANY - TTP,18R DI T WIRE FC RING 4 5-34901473,60083454,000000P105000000358,1,80333000.00
11/26/2021,MEMBER,TIFFANY - TTP,18R T SMILE SM PDT16 18-35189432,MC0000000945,000000P105000000359,1,26176000.00
11/26/2021,MEMBER,TIFFANY - TTP,18R MOP T WIRE BLT LG-63958360,MC0000000950,000000P105000000360,1,60476000.00
11/26/2021,MEMBER,TIFFANY - TTP,18R ATLS X CLSD INTRLCKPDT161-67789237,MC0000000969,000000P105000000361,1,51450000.00
11/26/2021,MEMBER,TIFFANY - TTP,BRS RTHNM TCLP BP-25391209,04002116,000000P105000000362,1,6680000.00
11/26/2021,MEMBER,TIFFANY - TTP,SS EXEC TCLIP BLK BRS BP-37361348,04002116,000000P105000000362,1,8124000.00
11/27/2021,PLATINUM,TIFFANY - TTP,PT DI TFHARMONY RG 4 5-30620097,60073303,000000P105000000363,1,71307000.00
11/27/2021,MEMBER,TIFFANY - TTP,18R HLFDI T1 NRWRG5 5-67795334,MC0000001022,000000P105000000364,1,48742000.00
11/27/2021,MEMBER,TIFFANY - TTP,SS MAKERS ID CHAIN BLT SM-63526576,MC0000001035,000000P105000000365,1,27079000.00
11/28/2021,PLATINUM,TIFFANY - TTP,PT INSIDE OUT DI1 10 HP-11857035,MC0000001079,000000P105000000366,1,213018000.00
11/28/2021,PLATINUM,TIFFANY - TTP,18R HLFDI T1 NRWRG5 5-67795334,27001425,000000P105000000368,1,48742000.00
11/29/2021,STAFF,TIFFANY - TTP,SS MAKERS MD SLICE RG8-63450405,60088498,000000P105000000369,1,11554000.00
11/30/2021,GOLD,TIFFANY - TTP,18R DI T SQR WRAP RG 6-35606696,MC0000001147,000000P105000000370,1,77626000.00
11/30/2021,MEMBER,TIFFANY - TTP,18R DI TCO 3MM RG 6 5-27897916,MC0000001150,000000P105000000371,1,37910000.00
11/30/2021,MEMBER,TIFFANY - TTP,SS RTT MD HRT TAG PDT18IN-30971655,MC0000001157,000000P105000000372,1,6951000.00
11/30/2021,MEMBER,TIFFANY - TTP,18R DI T SMILE SM PDT-63058823,MC0000001159,000000P105000000373,1,68599000.00
11/30/2021,GOLD,TIFFANY - TTP,SS MN RTTL BLUE HRT ER-60994862,MC0000001147,000000P105000000374,1,10832000.00
12/1/2021,GOLD,TIFFANY - TTP,PT HC RD DI 2 0MM RG 4 5-18408937,MC0000001165,000000P105000000375,1,76723000.00
12/1/2021,GOLD,TIFFANY - TTP,PTDI TIFESN DBMG 4MM 6 5-27897738,MC0000001165,000000P105000000375,1,55963000.00
12/2/2021,PLATINUM,TIFFANY - TTP,PT RD DI 64 E VS1-67364856,MC0000001176,000000P105000000376,1,234681000.00
12/2/2021,PLATINUM,TIFFANY - TTP,SS MAKERS ID CHAIN BLT LG-63526614,13000017,000000P105000000377,1,27079000.00
12/2/2021,PLATINUM,TIFFANY - TTP,18R ONYX T WIRE RG 6 5-64027514,60063975,000000P105000000378,1,46034000.00
12/2/2021,PLATINUM,TIFFANY - TTP,PT RD DI 1 21 E VS2-69029752,MC0000001188,000000P105000000379,1,602949000.00
12/4/2021,GOLD,TIFFANY - TTP,ST BLK T SQR BLT LG-36618159,MC0000000127,000000P105000000382,1,43326000.00
12/4/2021,GOLD,TIFFANY - TTP,18R DI T WIRE RG 7-35007873,60062780,000000P105000000383,1,56865000.00
12/4/2021,MEMBER,TIFFANY - TTP,SS BL RTTSPL HRTTAGBLT SM-61523022,MC0000001244,000000P105000000384,1,13630000.00
12/4/2021,PLATINUM,TIFFANY - TTP,18RDIACNT MDFLEURDELISKEY-60764379,22000398,000000P105000000385,1,55060000.00
12/4/2021,PLATINUM,TIFFANY - TTP,PT RD DI 34 E VVS2-67934423,05002520,000000P105000000386,1,102899000.00
12/5/2021,MEMBER,TIFFANY - TTP,18R DI RD SGLRW SLST PDT-60879346,MC0000001261,000000P105000000387,1,59573000.00
12/5/2021,GOLD,TIFFANY - TTP,SS RD RTTMNHRT 4MMBDBLTLG-61941819,60073476,000000P105000000388,1,6951000.00
12/5/2021,GOLD,TIFFANY - TTP,18WDIACNT MDFLEURDELISKEY-60660123,60073476,000000P105000000390,1,55060000.00
12/5/2021,GOLD,TIFFANY - TTP,18W PENDANT CHAIN 18IN-33430531,60073476,000000P105000000391,1,9388000.00
12/5/2021,PLATINUM,TIFFANY - TTP,PT DI TIF EMB 3 HC RG4 5-16026174,08001361,000000P105000000395,1,162472000.00
12/6/2021,PLATINUM,TIFFANY - TTP,PT18 CUDI 72TW FI DBLRWER-68789532,60067418,000000P105000000396,1,267175000.00
12/6/2021,PLATINUM,TIFFANY - TTP,PT DI TFHARMONY RG 5 5-30620046,60064055,000000P105000000397,1,71307000.00
12/6/2021,PLATINUM,TIFFANY - TTP,PT RD DI 2 03 F VVS1-69252907,60064055,000000P105000000397,1,2130176000.00
12/7/2021,GOLD,TIFFANY - TTP,18R T1 NRW HNG BGL MD-67794346,MC0000001137,000000P105000000398,1,103801000.00
12/7/2021,MEMBER,TIFFANY - TTP,SS BLU BDR RTT MD HRT PDT-63477966,MC0000001337,000000P105000000399,1,6951000.00
12/8/2021,MEMBER,TIFFANY - TTP,18Y DI MN TREFOIL KEY-62866918,MC0000001345,000000P105000000400,1,55060000.00
12/8/2021,GOLD,TIFFANY - TTP,18R DI T SMILE SM PDT-63058823,MC0000001364,000000P105000000401,1,68599000.00
12/9/2021,GOLD,TIFFANY - TTP,18R DI MOP T WIRE BLT MD-64028626,MC0000001370,000000P105000000402,1,92067000.00
12/9/2021,MEMBER,TIFFANY - TTP,SS BLUE BAND T CLIP BP-25391276,60084730,000000P105000000403,1,8124000.00
12/9/2021,MEMBER,TIFFANY - TTP,18R T1 NRW RG5-67797345,MC0000001388,000000P105000000404,1,28884000.00
12/9/2021,GOLD,TIFFANY - TTP,PT RD DI 41 F VVS1-37952184,MC0000001390,000000P105000000405,1,125464000.00
12/9/2021,GOLD,TIFFANY - TTP,18R DI T WIRE RG 6-35007733,MC0000001364,000000P105000000406,1,56865000.00
12/9/2021,MEMBER,TIFFANY - TTP,PT DI TFHARMONY RG 6-30620038,MC0000001400,000000P105000000407,1,71307000.00
12/10/2021,PLATINUM,TIFFANY - TTP,METALLIC MN VDPOCHE PORS4-60570434,60090971,000000P105000000408,1,7402000.00
12/10/2021,MEMBER,TIFFANY - TTP,18Y DI DBL LVG HRT BLT MD-63062413,MC0000001403,000000P105000000409,1,22566000.00
12/10/2021,MEMBER,TIFFANY - TTP,18Y DI DBL LVG HRT BLT MD-63062413,MC0000001403,000000P105000000410,-1,-22566000.00
12/10/2021,MEMBER,TIFFANY - TTP,18Y DI DBL LVG HRT BLT MD-63062413,MC0000001403,000000P105000000411,1,22566000.00
12/11/2021,MEMBER,TIFFANY - TTP,SS BL RTTSPL HRTTAGBLT MD-61523049,MC0000001433,000000P105000000412,1,13630000.00
12/11/2021,MEMBER,TIFFANY - TTP,SS MN RTT HRT 4MMBD BLTLG-24711781,MC0000001436,000000P105000000413,1,6951000.00
12/11/2021,MEMBER,TIFFANY - TTP,18Y DI OLVLF STUD ER-30144368,05001228,000000P105000000414,1,29787000.00
12/11/2021,MEMBER,TIFFANY - TTP,18R MD OPEN KNOT KEY-28686269,MC0000001441,000000P105000000415,1,31592000.00
12/11/2021,MEMBER,TIFFANY - TTP,18R MOP T WIRE BLT SM-63958328,MC0000001443,000000P105000000416,1,60476000.00
12/11/2021,MEMBER,TIFFANY - TTP,18R DI MOP T WIRE RG 8-64028014,MC0000001445,000000P105000000417,1,56865000.00
12/11/2021,MEMBER,TIFFANY - TTP,SS MDRTT HRT TGKEY PDT16-26909686,MC0000001450,000000P105000000418,1,7763000.00
12/11/2021,MEMBER,TIFFANY - TTP,18R DI BG T SQR PDT 16 18-62996021,MC0000001455,000000P105000000419,1,55060000.00
12/11/2021,MEMBER,TIFFANY - TTP,18R MOP T WIRE BLT SM-63958328,MC0000001443,000000P105000000422,-1,-60476000.00
12/11/2021,MEMBER,TIFFANY - TTP,SS MDRTT HRT TGKEY PDT16-26909686,13000850,000000P105000000423,1,7763000.00
12/11/2021,MEMBER,TIFFANY - TTP,18R MOP T WIRE BLT SM-63958328,MC0000001443,000000P105000000424,1,60476000.00
12/12/2021,PLATINUM,TIFFANY - TTP,18R MOP T TWO CL ER-66886042,07002811,000000P105000000425,1,55060000.00
12/12/2021,MEMBER,TIFFANY - TTP,18R T SMILE SM PDT16 18-35189432,MC0000001486,000000P105000000426,1,26176000.00
12/12/2021,MEMBER,TIFFANY - TTP,18Y DI T WIRE RG 6 5-35007997,60091157,000000P105000000427,1,56865000.00
12/12/2021,MEMBER,TIFFANY - TTP,18R ONYX T WIRE BLT MD-64028685,MC0000001501,000000P105000000428,1,60476000.00
12/12/2021,MEMBER,TIFFANY - TTP,SS RTT HEART BLT 7 5IN-21149799,60091158,000000P105000000429,1,13179000.00
12/13/2021,MEMBER,TIFFANY - TTP,SS BLU BDR RTT MD HRT PDT-63477966,MC0000001522,000000P105000000431,1,6951000.00
12/13/2021,MEMBER,TIFFANY - TTP,SS OLVLF NRW BD RG 7-30210611,MC0000001536,000000P105000000432,1,7763000.00
12/13/2021,MEMBER,TIFFANY - TTP,SS RTT HEART BLT SM-37360201,MC0000001536,000000P105000000432,1,13179000.00
12/14/2021,NEW,TIFFANY - TTP,18Y MN LVG HEART BLT MD-34506361,MC0000001558,000000P105000000433,1,17963000.00
12/15/2021,NEW,TIFFANY - TTP,18W T SMILE SM PDT16 18-35189424,MC0000001568,000000P105000000434,1,26176000.00
12/15/2021,PLATINUM,TIFFANY - TTP,PT RD DI 2 65 D VVS1-70168111,23000715,000000P105000000435,1,4097881000.00
12/15/2021,NEW,TIFFANY - TTP,SS RD RTTMNHRT 4MMBDBLTLG-61941819,MC0000001591,000000P105000000436,1,6951000.00
